1, Hollister, California
2, Frederick, Maryland
3, Danville, Vermont
4, Germantown, Ohio
5, Lehi, Utah
6, Harrodsburg, Kentucky
7, Ronks, Pennsylvania
8, Meridian, Idaho
9, Anderson, South Carolina
10, Mercer, Pennsylvania
