1, Swank Farms, http://img1.10bestmedia.com/Images/Photos/333547/472_54_990x660.jpg, Hollister, California
2, Summers Farm, http://img2.10bestmedia.com/Images/Photos/333489/Summers-Farm_54_990x660.jpg, Frederick, Maryland
3, Great Vermont, http://img1.10bestmedia.com/Images/Photos/333492/altered-2016_54_990x660.jpg, Danville, Vermont
4, Tom's Maze, http://img1.10bestmedia.com/Images/Photos/333550/unnamed-Something-To-Crow-About--2016-maze_54_990x660.jpg, Germantown, Ohio
5, Cornbelly's, http://img1.10bestmedia.com/Images/Photos/333493/Cornbelly_54_990x660.jpg, Lehi, Utah
6, Devine's, http://img2.10bestmedia.com/Images/Photos/333485/Devine-s_54_990x660.JPG, Harrodsburg, Kentucky
7, Cherry Crest Farm, http://img1.10bestmedia.com/Images/Photos/333474/CCAF-2016-Maze-detail-LR_54_990x660.jpg, Ronks, Pennsylvania
8, Farmstead, http://img1.10bestmedia.com/Images/Photos/333955/MazeDesign2016-The-Farmstead_54_990x660.jpeg, Meridian, Idaho
9, Denver Downs, http://img2.10bestmedia.com/Images/Photos/333595/2014-Denver-Downs-AgPro-JD-Maze_54_990x660.JPG, Anderson, South Carolina
10, Cool Spring, http://img1.10bestmedia.com/Images/Photos/333703/Coolspring_54_990x660.jpg, Mercer, Pennsylvania
